post_id,plage_cote,nature_rando,gastronomie,culture_histoire,velo,voile,campervan,ski,activites_famille,detente,shopping,roadtrip,citytrip,hiver,printemps,ete,automne,2_3_jours,semaine,plus,economique,medium,eleve,bebes,kids,ados,france,angleterre,mediterranee,europe,sans_decalage,plus_loin
54367,0,0,0,2,0,0,0,0,1,0,1,0,0,1,2,2,2,1,1,0,0,1,1,1,1,1,0,1,0,1,1,0
50022,2,1,0,0,0,0,0,0,2,1,0,0,0,0,1,1,0,1,1,0,1,1,0,1,1,1,1,0,0,1,1,0
31013,2,1,0,0,0,0,0,0,2,1,0,2,0,0,1,1,1,0,1,1,1,1,0,1,1,1,0,1,1,1,1,0
29380,0,0,0,2,0,0,0,0,1,0,1,0,0,1,2,2,2,1,1,0,0,1,1,1,1,1,0,1,0,1,1,0
60061,1,2,2,2,0,0,0,0,1,0,0,2,0,0,1,1,1,0,1,1,1,1,0,1,1,2,0,0,1,1,1,0
49459,2,2,2,0,0,0,0,0,1,1,0,0,0,0,1,1,1,0,1,1,1,1,0,1,1,1,0,0,1,1,1,0
50088,0,2,0,0,0,0,0,0,1,0,0,1,0,0,1,0,1,0,1,0,2,1,0,1,2,2,0,0,1,1,1,0
58693,0,0,0,2,0,0,0,0,1,0,0,0,0,0,1,1,1,1,0,0,0,1,1,0,0,2,0,1,0,1,1,0
46965,0,2,1,0,0,0,0,0,1,0,0,1,0,0,2,1,1,0,1,0,1,1,0,1,2,2,0,0,0,1,1,0
51197,0,0,2,2,0,0,0,0,1,0,1,0,0,2,1,0,1,1,0,0,0,1,1,1,1,1,0,0,0,1,1,0
46963,1,2,2,0,0,0,0,0,1,0,0,2,0,0,1,1,1,0,1,1,2,1,0,1,1,1,0,0,0,1,1,0
41454,0,0,0,2,0,0,0,0,1,0,1,0,0,1,2,1,1,1,0,0,0,1,1,1,1,1,0,0,1,1,1,0
57566,0,1,0,1,0,0,0,0,2,0,0,1,0,0,2,2,1,0,1,0,0,1,0,0,0,1,0,1,0,1,1,0
42132,0,2,1,0,0,0,0,0,1,0,0,1,0,2,2,1,2,0,1,1,2,1,0,1,1,1,0,0,0,1,1,0
37410,0,2,2,0,0,0,0,0,1,0,0,1,0,0,0,1,0,0,1,0,1,1,0,1,1,1,0,0,0,1,1,0
25603,0,0,0,0,0,0,0,0,2,0,0,0,0,0,1,1,0,1,0,0,0,1,0,0,1,1,0,0,0,1,1,0
56717,2,1,1,0,0,0,0,0,1,1,0,2,0,0,2,1,1,0,1,1,2,1,0,1,2,1,0,0,0,1,1,0
36969,2,2,1,0,0,0,0,0,1,1,0,2,0,0,2,1,0,0,1,0,2,1,0,1,2,1,0,1,0,1,1,0
54255,0,0,0,1,0,0,0,0,2,0,1,0,0,0,1,2,1,1,0,0,0,1,1,1,1,1,0,0,0,1,0,0
60401,0,2,0,1,0,0,0,0,1,0,0,0,0,0,2,1,2,1,0,0,2,1,0,1,1,1,0,0,0,1,1,0
46704,0,2,0,0,0,0,0,0,2,0,0,0,0,0,1,1,1,0,0,0,1,1,0,0,1,1,0,0,0,1,1,0
49168,0,0,1,1,0,0,0,0,2,1,0,0,0,0,1,1,0,1,1,0,0,1,0,1,1,1,0,0,0,1,1,0
62435,2,1,0,0,0,0,0,0,1,1,0,1,0,0,1,1,1,1,1,0,1,1,0,1,1,1,0,0,1,1,1,0
34358,0,0,2,2,0,0,0,0,2,0,0,0,0,2,2,1,1,1,0,0,1,1,0,1,1,1,0,0,1,1,1,0
42961,0,0,0,2,0,0,0,0,1,0,1,0,0,1,2,2,2,1,1,0,0,1,1,1,1,1,0,1,0,1,1,0
45060,0,1,2,2,0,0,0,0,2,0,0,2,0,0,2,0,1,0,1,1,2,1,0,1,1,1,0,0,1,1,1,0
55907,0,1,0,0,0,0,0,0,2,0,0,2,0,0,1,2,1,1,1,1,1,1,0,1,1,1,0,1,0,1,1,0
44136,0,0,2,2,0,0,0,0,2,0,0,0,0,2,2,1,1,1,0,0,0,1,1,0,1,1,0,0,0,1,1,0
42312,1,2,2,0,0,0,0,0,1,0,0,2,0,2,1,1,1,0,1,1,2,1,0,1,1,1,0,0,0,1,1,0
30313,2,1,2,0,0,0,0,0,1,0,0,2,0,0,2,1,1,0,1,1,1,1,0,1,1,1,0,0,1,1,1,0
52578,0,2,0,0,0,0,0,0,1,0,0,0,0,0,2,1,1,0,0,0,1,1,0,1,2,2,0,0,0,1,1,0
44724,1,2,0,0,0,0,0,0,1,0,0,0,0,0,1,1,1,1,1,0,1,1,0,1,2,2,0,0,1,1,1,0
61944,0,2,0,0,0,0,0,0,1,0,0,0,0,0,2,1,2,1,0,0,1,1,0,0,1,1,0,0,0,1,1,0
52156,0,0,0,1,0,0,0,0,1,0,0,0,0,0,2,2,1,1,0,0,0,1,0,1,1,2,0,0,0,1,1,0
21828,0,2,1,0,0,0,0,0,1,1,0,0,0,0,1,2,0,1,1,1,0,1,1,1,1,1,0,0,0,1,1,0
31207,0,1,0,1,0,0,0,0,1,0,0,1,0,0,2,1,2,1,1,0,0,1,1,1,1,1,0,1,0,1,1,0
46455,0,0,2,1,0,0,0,0,1,0,1,0,0,1,2,1,1,1,0,0,0,1,1,1,1,1,0,0,0,1,1,0
64728,0,2,2,0,0,0,0,0,1,0,0,1,0,0,1,2,1,1,1,1,2,1,0,1,2,2,0,0,0,1,1,0
57028,0,0,1,1,0,0,0,0,2,0,0,0,0,0,1,1,1,1,0,0,1,1,0,0,1,2,0,0,0,1,1,0
56184,0,0,2,2,0,0,0,0,1,0,0,0,0,0,2,1,1,1,0,0,1,1,0,1,1,1,0,0,0,1,1,0
64000,0,0,1,2,0,0,0,0,1,0,0,0,0,1,1,1,1,1,1,0,1,1,0,0,1,1,0,0,0,1,1,0
31103,1,2,1,0,0,0,0,0,1,0,0,1,0,0,1,0,1,0,1,0,2,1,0,0,2,1,0,0,1,1,1,0
49217,1,1,0,0,0,0,0,0,2,1,0,2,0,0,1,1,0,1,1,0,0,1,0,1,2,1,0,1,0,1,1,0
36171,0,2,0,0,0,0,0,0,2,1,0,1,0,0,1,1,0,1,0,0,0,1,0,1,2,1,0,0,0,1,1,0
45137,0,0,2,2,0,0,0,0,1,0,0,0,0,2,2,1,1,1,0,0,1,1,0,1,1,1,0,0,0,1,1,0
65319,0,0,2,2,0,0,0,0,2,0,0,0,0,2,2,1,1,1,0,0,1,1,1,0,0,2,0,0,1,1,1,0
64980,0,0,2,2,0,0,0,0,1,0,0,0,0,2,2,1,1,1,1,0,2,1,0,0,0,1,0,0,1,1,1,0
45005,2,1,1,0,0,0,0,0,1,1,0,2,0,0,1,1,1,0,1,1,1,1,0,1,1,1,0,0,1,1,1,0
6753,0,2,1,0,0,0,0,0,1,0,0,1,0,0,1,2,1,0,1,1,1,1,0,1,2,1,0,0,0,0,0,1
45404,0,1,0,0,0,0,0,0,2,0,0,2,0,0,1,2,1,1,1,1,1,1,0,1,1,1,0,0,0,1,1,0
29935,0,0,0,2,0,0,0,0,2,0,0,0,0,1,2,1,2,1,0,0,0,1,1,1,1,1,0,0,0,1,1,0
63997,0,0,1,2,0,0,0,0,2,0,0,0,0,1,2,1,2,1,0,0,0,1,1,0,1,2,0,0,0,1,1,0
55236,0,0,0,2,0,0,0,0,2,0,0,0,0,1,1,1,1,1,0,0,0,1,1,1,1,1,0,1,0,1,1,0
64662,0,1,0,0,0,0,0,0,1,0,0,1,0,0,1,2,1,1,0,1,2,1,0,1,1,1,0,1,0,1,1,0
63834,0,0,0,2,0,0,0,0,1,0,1,0,0,0,1,1,1,1,1,0,0,1,1,0,0,2,0,1,0,1,1,0
15995,1,0,2,2,0,0,0,0,1,0,0,2,0,0,1,1,1,0,1,1,1,1,0,1,1,2,0,0,1,1,1,0
54707,0,0,2,2,0,0,0,0,1,0,0,0,0,2,2,1,2,1,1,0,2,1,0,1,1,1,0,0,0,1,1,0
39887,2,1,1,0,0,0,0,0,1,1,0,2,0,0,2,1,1,0,1,1,1,1,0,1,1,1,0,0,1,1,1,0
12401,0,0,2,2,0,0,0,0,2,0,0,0,0,1,1,1,1,1,1,0,2,1,0,1,1,1,0,0,0,1,1,0
57402,1,1,0,0,0,0,0,0,1,1,0,2,0,0,2,2,0,1,1,0,0,1,0,1,1,1,0,1,0,1,1,0
5787,0,2,1,2,0,0,0,0,2,0,0,2,0,0,1,1,0,1,1,0,0,1,0,2,1,0,0,0,0,1,1,0
51287,0,0,2,2,0,0,0,0,1,0,0,2,0,2,1,1,1,1,0,0,0,1,0,1,1,1,0,0,0,1,1,0
31212,0,0,0,2,0,0,0,0,2,1,0,0,0,1,1,1,1,1,0,0,0,1,1,1,1,1,0,1,0,1,1,0
46156,0,2,0,0,0,0,0,0,2,0,0,2,0,0,1,2,1,1,1,1,2,1,0,1,2,2,0,0,0,1,1,0
25022,2,2,2,0,0,0,0,0,1,1,0,1,0,0,1,1,1,0,1,1,1,1,0,1,1,1,0,0,1,1,1,0
36966,0,2,0,0,0,0,0,0,1,0,0,1,0,0,1,2,1,1,0,1,2,1,0,1,1,1,0,1,0,1,1,0
2026,0,0,0,1,0,0,0,0,2,0,0,0,0,0,2,2,1,1,0,0,0,1,1,2,1,1,0,0,0,1,1,0
45054,1,2,2,0,0,0,0,0,1,0,0,0,0,0,1,1,1,1,1,0,1,1,0,1,2,2,0,0,1,1,1,0
54791,0,0,2,2,0,0,0,0,1,0,0,0,0,1,2,1,1,1,0,0,2,1,0,1,1,1,0,0,0,1,1,0
64503,1,2,2,0,0,0,0,0,1,0,0,0,0,0,1,1,1,1,1,0,1,1,0,1,2,2,0,0,1,1,1,0
50005,1,1,0,0,0,0,0,0,2,1,0,0,0,0,1,1,0,1,1,0,1,1,0,1,1,1,1,0,0,1,1,0
27980,2,1,1,0,0,0,0,0,1,1,0,1,0,0,1,1,1,0,1,1,1,1,0,0,2,1,0,0,1,1,1,0
41452,1,1,1,0,0,0,0,0,1,1,0,2,0,0,1,1,1,1,1,1,1,1,0,1,1,1,0,0,1,1,1,0
10726,2,1,2,0,0,0,0,0,1,1,0,2,0,0,1,1,1,0,1,1,1,1,0,1,1,1,0,0,1,1,1,0
62811,0,0,0,1,0,0,0,0,1,0,0,0,0,0,1,1,1,1,0,0,0,1,0,1,0,2,0,1,0,1,1,0
32404,0,0,0,1,0,0,0,0,1,0,0,0,0,0,1,1,1,1,0,0,0,1,0,1,0,2,0,1,0,1,1,0
41814,0,0,0,1,0,0,0,0,1,0,0,0,0,0,1,1,1,1,0,0,0,1,0,1,0,2,0,0,0,1,1,0
22033,0,2,1,0,0,0,0,0,1,1,0,0,0,0,1,2,0,1,1,1,0,1,1,1,1,1,0,0,0,1,1,0
26138,1,0,1,0,0,0,0,0,1,0,0,1,0,2,2,1,1,1,0,0,1,1,0,1,1,1,0,0,1,1,1,0
28788,1,1,0,0,0,0,0,0,1,1,0,1,0,0,1,1,1,0,1,1,1,1,0,1,1,1,0,0,1,1,2,0
27862,0,1,1,2,0,0,0,0,2,1,0,2,0,0,1,1,1,0,1,1,1,1,0,1,1,1,0,0,1,1,1,0
40712,0,2,0,0,0,0,0,0,1,0,0,2,0,0,1,2,1,1,1,1,2,1,0,1,2,2,0,1,0,1,1,0
35468,1,1,0,0,0,0,0,0,1,1,0,1,0,0,0,1,1,1,1,0,1,1,0,1,1,1,1,1,0,1,1,0
16389,1,1,0,0,1,0,0,0,1,1,0,1,0,0,0,1,1,1,0,0,1,1,0,0,1,1,1,0,0,1,1,0
24865,0,1,1,1,0,0,0,0,1,0,0,0,0,0,1,2,1,1,0,0,1,1,0,0,1,1,0,0,0,0,0,1
22435,0,0,1,1,0,0,0,0,1,1,0,1,0,0,1,1,1,1,1,0,1,1,0,1,1,1,1,1,0,1,1,0
5229,1,1,1,0,0,0,0,0,1,1,0,0,0,1,1,0,1,1,1,0,0,1,0,2,1,1,0,0,1,1,1,0
56182,0,0,2,2,0,0,0,0,1,0,1,0,0,2,1,0,1,1,0,0,0,1,1,1,1,1,0,0,0,1,1,0
50001,0,2,1,0,0,0,0,0,1,1,0,2,0,0,0,0,1,0,1,1,1,1,0,0,1,1,0,0,1,1,1,0
26341,1,1,0,1,0,0,0,0,1,0,0,1,0,0,2,2,1,0,1,1,1,1,0,1,1,1,0,0,0,1,1,0
40721,1,1,0,0,0,0,0,0,1,1,0,2,0,0,2,2,0,1,1,1,0,1,0,1,1,1,0,1,0,1,1,0
64389,1,2,2,0,0,0,0,0,1,0,0,0,0,0,1,1,1,1,1,0,1,1,0,1,2,2,0,0,1,1,1,0
42969,0,1,0,0,0,0,0,0,1,1,0,1,0,0,2,2,1,1,0,0,1,1,0,1,1,1,0,1,0,1,1,0
46967,0,0,0,2,0,0,0,0,1,1,0,0,0,0,1,1,1,1,0,0,0,1,0,0,1,2,0,1,0,1,1,0
61631,0,0,1,1,0,0,0,0,1,0,1,0,0,1,1,1,1,1,0,0,1,1,0,1,1,1,1,1,0,1,1,0
30352,1,1,1,0,0,0,0,0,1,1,0,2,0,0,2,2,0,1,1,1,0,1,0,1,1,1,0,1,0,1,1,0
58113,1,1,1,1,1,0,0,0,1,1,0,1,0,0,1,1,0,1,1,0,0,1,0,0,1,1,0,1,0,1,1,0
1441,1,1,1,0,0,0,0,0,1,1,0,0,0,0,2,1,2,1,1,0,0,1,0,1,0,0,1,0,1,1,1,0
6446,0,1,1,0,0,0,0,0,1,0,0,1,0,0,1,2,1,0,1,1,1,1,0,1,2,1,0,0,0,0,0,1
28966,0,0,0,1,0,0,0,0,2,0,0,0,0,1,1,1,1,1,0,0,0,1,1,0,1,1,0,1,0,1,1,0
26740,0,1,0,0,0,0,0,0,2,1,0,0,0,0,1,1,0,1,0,0,1,1,0,1,1,1,1,0,0,1,0,0
11805,0,1,2,2,0,0,0,0,2,1,0,0,0,0,1,1,0,1,1,0,1,1,0,1,1,1,1,0,0,1,0,0
11957,2,1,2,0,0,0,0,0,1,1,0,0,0,0,0,1,0,0,1,1,1,1,0,1,1,1,1,0,1,1,0,0
66788,1,1,0,1,1,0,0,0,1,1,0,0,0,0,1,1,0,1,0,0,1,1,0,0,1,1,1,0,0,1,1,0
24812,1,1,1,0,0,0,0,0,1,1,0,0,0,0,1,2,1,1,0,0,1,1,0,0,1,1,0,0,0,0,0,1
35692,0,1,1,0,0,0,0,0,1,1,0,0,0,0,0,1,0,1,1,0,1,1,0,1,1,1,1,0,0,1,1,0
27462,0,0,2,2,0,0,0,0,2,0,1,0,0,1,2,2,2,1,1,0,0,1,1,1,1,1,1,0,0,1,1,0
18136,0,0,0,2,0,0,0,0,2,0,1,0,0,1,2,2,2,1,1,0,0,1,1,1,1,1,1,0,0,1,1,0
22083,1,1,0,0,1,0,0,0,1,1,0,0,0,0,1,1,0,1,0,0,1,1,0,0,1,1,1,0,0,1,1,0
11704,0,1,0,0,0,0,0,0,2,1,0,1,0,1,1,1,1,1,1,0,0,1,0,1,2,1,0,0,0,1,1,0
28263,1,0,2,0,0,1,0,0,1,1,0,0,0,0,0,1,0,1,1,0,0,1,1,0,1,1,0,0,1,1,1,0
41188,1,0,2,0,0,1,0,0,1,1,0,0,0,0,0,1,0,1,1,0,0,1,1,0,1,1,0,0,1,1,1,0
24298,1,1,1,1,0,0,0,0,1,1,0,1,0,0,0,1,0,0,1,1,1,1,0,1,1,1,0,0,0,0,0,1
22888,2,1,0,0,0,0,0,0,1,1,0,0,0,0,0,0,1,0,1,1,0,1,0,1,1,1,0,0,0,0,0,1
28426,0,1,0,1,0,0,0,0,2,0,0,0,0,0,1,1,1,1,0,0,1,1,0,1,1,1,1,0,0,1,1,0
28838,1,0,1,1,0,0,0,0,1,1,0,1,0,0,0,0,1,0,1,1,1,1,0,1,1,1,0,0,1,1,1,0
30727,0,2,1,0,0,0,0,0,1,1,0,1,0,0,2,2,1,0,1,1,1,1,0,1,1,1,0,0,0,1,1,0
30006,1,1,1,0,0,0,0,0,1,1,0,2,0,0,2,2,0,1,1,1,0,1,0,1,1,1,1,0,0,1,1,0
28206,0,0,1,1,0,0,0,0,1,1,0,0,0,0,0,1,0,1,0,0,0,1,1,0,1,1,1,0,1,1,1,0
24505,0,0,0,1,0,0,0,0,1,0,0,0,0,0,1,2,1,1,1,0,1,1,1,1,1,1,0,0,0,0,0,1
23815,1,2,0,0,0,0,0,0,1,1,0,1,0,2,1,0,1,0,0,1,1,1,1,1,1,1,0,0,0,0,1,1
50020,0,0,2,2,0,0,0,0,2,0,0,0,0,1,2,2,1,1,0,0,1,1,0,1,1,1,1,0,0,1,1,0
20925,2,2,2,0,0,0,0,0,2,1,0,0,0,1,1,2,1,0,1,1,1,1,0,1,1,1,0,0,0,1,1,0
20291,0,2,1,0,0,0,0,0,1,0,0,1,0,0,2,2,1,0,1,1,1,1,0,1,0,0,0,0,0,1,1,0
27731,1,1,1,0,0,0,0,0,1,1,0,0,0,0,1,1,0,1,0,0,1,1,0,1,1,1,1,0,0,1,1,0
21277,0,0,1,1,0,0,0,0,2,1,0,0,0,0,1,1,1,1,0,0,1,1,0,1,1,1,0,0,1,1,1,0
26052,0,0,1,1,0,0,0,0,1,0,0,0,0,2,2,1,2,1,0,0,0,1,1,1,1,0,0,0,1,1,1,0
26822,1,1,0,0,0,0,0,0,1,1,0,0,0,0,1,1,0,1,0,0,1,1,0,1,1,1,1,0,0,1,1,0
31217,0,0,0,2,0,0,0,0,2,0,0,0,0,1,1,1,1,1,0,0,0,1,1,1,1,1,0,1,0,1,1,0
3216,0,0,0,1,0,0,0,0,1,1,0,0,0,0,2,1,2,1,0,0,0,1,0,1,0,0,0,1,1,0,1,0
19479,0,0,1,2,0,0,0,0,2,0,0,0,0,1,1,1,1,1,0,0,1,1,0,1,1,1,0,1,0,0,1,0
30540,0,0,1,2,0,0,0,0,2,0,0,0,0,0,1,1,1,1,0,0,1,1,0,1,1,1,0,1,0,0,1,0
17032,0,2,0,0,0,0,0,0,1,1,0,1,0,0,0,1,0,0,1,1,0,1,1,1,1,1,0,0,0,1,1,0
5071,0,0,2,2,0,0,0,0,2,0,0,0,0,2,2,1,1,1,0,0,0,1,1,1,1,1,0,0,0,1,1,0
15953,0,0,0,1,0,0,0,0,1,0,0,0,0,0,1,1,1,1,0,0,0,1,1,1,1,1,0,1,0,0,1,0
13220,0,0,2,1,0,0,0,0,2,0,0,0,0,0,1,1,1,1,0,0,0,1,1,1,1,1,0,1,0,0,1,0
24756,0,0,0,1,0,0,0,0,1,0,0,0,0,0,1,2,1,1,1,0,1,1,1,1,1,1,0,0,0,0,0,1
65658,1,1,0,0,0,0,0,0,2,1,0,0,0,0,1,1,0,1,1,0,1,1,0,1,1,1,1,0,0,1,1,0
66967,1,1,0,1,0,0,0,0,1,2,0,1,0,0,1,1,0,1,0,0,1,1,0,1,1,1,0,0,0,1,1,0
12739,2,1,1,0,0,0,0,0,1,1,0,1,0,0,1,1,0,1,0,0,1,1,0,1,1,1,0,0,0,1,1,0
12940,0,0,1,1,0,0,0,0,2,0,0,0,0,0,1,1,1,1,0,0,1,1,0,1,1,1,0,0,0,1,1,0
26690,0,1,0,0,1,0,0,0,1,1,0,0,0,0,1,1,0,1,0,0,1,1,0,1,1,1,1,0,0,1,1,0
2561,1,1,0,0,1,0,0,0,1,1,0,0,0,0,1,1,0,1,0,0,1,1,0,2,1,1,1,0,0,1,1,0
16100,1,1,0,0,1,0,0,0,1,1,0,0,0,0,1,1,0,1,0,0,1,1,0,1,1,1,1,0,0,1,1,0
12229,1,1,0,0,1,0,0,0,1,1,0,0,0,0,1,1,0,1,0,0,1,1,0,1,1,1,1,0,0,1,1,0
40039,1,0,1,0,0,1,0,0,1,1,0,0,0,0,0,1,0,1,1,0,0,1,1,0,1,1,0,0,1,1,1,0
11526,0,1,0,0,1,0,0,0,1,1,0,0,0,0,1,1,0,1,0,0,1,1,0,2,1,1,1,0,0,1,1,0
19846,0,1,0,0,1,0,0,0,1,1,0,0,0,0,1,1,0,1,0,0,1,1,0,1,1,1,1,0,0,1,1,0
27755,0,1,1,0,1,0,0,0,1,1,0,0,0,0,1,1,0,1,0,0,1,1,0,1,1,1,1,0,0,1,1,0
67275,0,1,0,0,1,0,0,0,1,1,0,0,0,0,1,1,0,1,0,0,1,1,0,0,1,1,0,1,0,1,1,0
26662,0,1,0,0,1,0,0,0,1,1,0,0,0,0,1,1,0,1,0,0,1,1,0,1,1,1,1,0,0,1,1,0
26605,0,1,0,0,1,0,0,0,1,1,0,0,0,0,1,1,0,1,0,0,1,1,0,1,1,1,1,0,0,1,1,0
26773,0,1,0,0,1,0,0,0,1,1,0,0,0,0,1,1,0,1,0,0,1,1,0,2,1,1,1,0,0,1,1,0
2284,0,1,1,0,1,0,0,0,1,1,0,0,0,0,1,1,0,1,0,0,1,1,0,2,1,1,1,0,0,1,1,0
2534,0,1,1,0,1,0,0,0,1,1,0,0,0,0,1,1,0,1,0,0,1,1,0,2,1,1,1,0,0,1,1,0
26852,0,1,1,0,1,0,0,0,1,1,0,0,0,0,1,1,0,1,0,0,1,1,0,2,1,1,1,0,0,1,1,0
